FILE,PAGE,CLASS-1,SCORE-1,CERTAIN
CTX201604345,1,TEXT,1.0,0.0
CTX194502994A,51,TEXT,1.0,0.0
CTX199904249,143,TEXT,1.0,0.0
CTX201202247,166,TEXT,1.0,0.0
CTX201006874,1,TEXT,1.0,0.0
CTX201004072,004,PHOTO_L,1.0,0.0
CTX194301332,44,TEXT,1.0,0.0
CTX200900701,001,TEXT,1.0,0.0
CTX201600297,06,TEXT,1.0,0.0
CTX197101939A,20,TEXT,1.0,0.0
CTX194201336,299,TEXT,1.0,0.0
CTX201202247,121,TEXT,1.0,0.0
CTX194802218,3,TEXT,1.0,0.0
CTX200900379,23,TEXT,1.0,0.0
CTX199600718,53,TEXT,1.0,0.0
CTX201600348,01,TEXT,1.0,0.0
CTX201405345,1,TEXT,1.0,0.0
CTX200903467B,313,TEXT,1.0,0.0
CTX193200191,14,TEXT,1.0,0.0
CTX194604273,29,TEXT,1.0,0.0
CTX201007588,1,TEXT,1.0,0.0
CTX201303122,1,TEXT,1.0,0.0
CTX200900398,16,TEXT,1.0,0.0
CTX201202247,154,TEXT,1.0,0.0
CTX193201748,094,TEXT_P,1.0,0.0
CTX200905127,18,TEXT_P,1.0,0.0
CTX201600009,029,PHOTO_L,1.0,0.0
CTX200912507,225,TEXT,1.0,0.0
CTX201300531,091,TEXT,1.0,0.0
CTX201600014,56,TEXT,1.0,0.0
CTX193201748,105,TEXT,1.0,0.0
CTX201203431,1,TEXT,1.0,0.0
CTX193601898,2,TEXT,1.0,0.0
CTX194106081,10,TEXT,1.0,0.0
CTX198901592,316,TEXT,1.0,0.0
CTX198004861,72,TEXT,1.0,0.0
CTX201203547,1,TEXT,1.0,0.0
CTX193100391,31,TEXT_P,1.0,0.0
CTX201202247,105,TEXT,1.0,0.0
CTX200900101,53,TEXT,1.0,0.0
CTX198901592,311,TEXT,1.0,0.0
CTX200907684,1,TEXT,1.0,0.0
CTX199704535,56,TEXT_P,1.0,0.0
CTX200909429,1,TEXT,1.0,0.0
CTX193200994,35,TEXT,1.0,0.0
CTX201405168,5,TEXT_T,1.0,0.0
CTX200907688,1,TEXT,1.0,0.0
CTX201600344,37,TEXT,1.0,0.0
CTX199904249,606,TEXT,1.0,0.0
CTX201600009,028,TEXT_P,1.0,0.0
CTX201202269,2,TEXT_P,1.0,0.0
CTX193201748,092,TEXT,1.0,0.0
CTX194005464,1,TEXT,1.0,0.0
CTX194201336,298,TEXT,1.0,0.0
CTX200507825,1,TEXT_P,1.0,0.0
CTX194707365,07,TEXT_P,1.0,0.0
CTX194301332,39,TEXT,1.0,0.0
CTX198901592,470,TEXT,1.0,0.0
CTX201203565,1,TEXT,1.0,0.0
CTX194301332,45,TEXT,1.0,0.0
CTX201203409,1,TEXT,1.0,0.0
CTX194005411,1,PHOTO_L,1.0,0.0
CTX201405421,1,TEXT,1.0,0.0
CTX194301332,42,TEXT,1.0,0.0
CTX201102159,1,TEXT,1.0,0.0
CTX201600696,300,TEXT,1.0,0.0
CTX201300709,26,TEXT,1.0,0.0
CTX201102818,1,TEXT,1.0,0.0
CTX196106148,32,TEXT,1.0,0.0
CTX200902800,1,TEXT,1.0,0.0
CTX194707363,48,TEXT,1.0,0.0
CTX200900016,34,TEXT,1.0,0.0
CTX200900639,15,TEXT,1.0,0.0
CTX201405333,1,TEXT,1.0,0.0
CTX201101323,0314,TEXT,1.0,0.0
CTX193201748,015,TEXT,1.0,0.0
CTX200900016,41,TEXT,1.0,0.0
CTX201102266,1,TEXT,1.0,0.0
CTX201203433,1,TEXT,1.0,0.0
CTX194301332,54,TEXT,1.0,0.0
CTX199904249,619,TEXT,1.0,0.0
CTX193201748,103,TEXT_P,1.0,0.0
CTX201001607,021,TEXT,1.0,0.0
CTX201405401,1,TEXT,1.0,0.0
CTX193400599,2,TEXT,1.0,0.0
CTX200901097,14,TEXT,1.0,0.0
CTX201007332,1,TEXT,1.0,0.0
CTX193101068,42,TEXT,1.0,0.0
CTX193101068,30,TEXT,1.0,0.0
CTX201102270,1,TEXT,1.0,0.0
CTX200900017,14,TEXT,1.0,0.0
CTX201202248,059,TEXT,1.0,0.0
CTX201502904,1,TEXT,1.0,0.0
CTX200907942,1,TEXT,1.0,0.0
CTX201405188,057,TEXT,1.0,0.0
CTX201004072,062,TEXT,1.0,0.0
CTX194301332,59,TEXT,1.0,0.0
CTX200900707,206,TEXT,1.0,0.0
CTX200901778,025,TEXT,1.0,0.0
CTX194707363,45,TEXT,1.0,0.0
CTX193401213,3,TEXT,1.0,0.0
CTX194005420,1,DRAW_L,1.0,0.0
CTX196201572,55,TEXT,1.0,0.0
CTX201405315,1,TEXT,1.0,0.0
CTX201203457,1,TEXT,1.0,0.0
CTX200904834,154,TEXT,1.0,0.0
CTX200911309,1,TEXT,1.0,0.0
CTX201600504,246,PHOTO_L,1.0,0.0
CTX196004847,2,TEXT,1.0,0.0
CTX193200191,09,TEXT,1.0,0.0
CTX200908076,1,TEXT_P,1.0,0.0
CTX201600345,068,TEXT,1.0,0.0
CTX197106490B,07,TEXT,1.0,0.0
CTX200903467B,309,TEXT,1.0,0.0
CTX200900693,01,TEXT,1.0,0.0
CTX200008207,1,TEXT,1.0,0.0
CTX199904249,614,TEXT,1.0,0.0
CTX201405406,1,TEXT,1.0,0.0
CTX201004072,057,TEXT,1.0,0.0
CTX201203435,1,TEXT,1.0,0.0
CTX199600831,39,TEXT,1.0,0.0
CTX201405289,1,TEXT,1.0,0.0
CTX193200191,11,TEXT,1.0,0.0
CTX199904249,605,TEXT,1.0,0.0
CTX193200441,1,TEXT_P,1.0,0.0
CTX193201748,096,TEXT,1.0,0.0
CTX197106490B,18,TEXT,1.0,0.0
CTX200901869,111,TEXT_P,1.0,0.0
CTX201007597,1,TEXT,1.0,0.0
CTX199600721,15,TEXT,1.0,0.0
CTX201303169,1,TEXT,1.0,0.0
CTX199904249,583,TEXT,1.0,0.0
CTX201001607,001,PHOTO_L,1.0,0.0
CTX201405361,1,TEXT,1.0,0.0
CTX193300434,23,LINE_T,1.0,0.0
CTX194005416,1,PHOTO_L,1.0,0.0
CTX193300248,2,TEXT,1.0,0.0
CTX194005460,1,TEXT,1.0,0.0
CTX193201748,086,TEXT_P,1.0,0.0
CTX201300526,33,TEXT_P,1.0,0.0
CTX200903467B,306,TEXT,1.0,0.0
CTX201604290,1,TEXT,1.0,0.0
CTX201600031,076,TEXT,1.0,0.0
CTX201604261,1,TEXT,1.0,0.0
CTX201604199,1,TEXT,1.0,0.0
CTX201303170,1,TEXT,1.0,0.0
CTX201405221,171,TEXT,1.0,0.0
CTX193201748,106,DRAW_L,1.0,0.0
CTX194301332,51,TEXT,1.0,0.0
CTX194005415,1,PHOTO_L,1.0,0.0
CTX193602263,2,TEXT,1.0,0.0
CTX201101323,0316,PHOTO,1.0,0.0
CTX201300514,087,TEXT,1.0,0.0
CTX201405290,1,TEXT,1.0,0.0
CTX201102787,1,TEXT,1.0,0.0
CTX193903912,04,TEXT_P,1.0,0.0
CTX201203479,1,TEXT,1.0,0.0
CTX195902663,201,TEXT,1.0,0.0
CTX201300514,091,TEXT,1.0,0.0
CTX195902663,208,TEXT,1.0,0.0
CTX201007595,1,TEXT_P,1.0,0.0
CTX201405165,080,TEXT,1.0,0.0
CTX201202247,117,TEXT,1.0,0.0
CTX201101323,0280,TEXT,1.0,0.0
CTX193903912,43,TEXT_T,1.0,0.0
CTX200903464,158,TEXT,1.0,0.0
CTX201300537,29,TEXT,1.0,0.0
CTX201600894,67,TEXT,1.0,0.0
CTX198901592,267,TEXT,1.0,0.0
CTX200905451,1,TEXT,1.0,0.0
CTX194501897,1,PHOTO_L,1.0,0.0
CTX194603300,1,PHOTO_L,1.0,0.0
CTX195105417,1,PHOTO_L,1.0,0.0
CTX200903022,56,PHOTO_L,1.0,0.0
CTX194604273,16,TEXT_P,1.0,0.0
CTX194501481,1,TEXT_P,1.0,0.0
CTX199904249,374,PHOTO_L,1.0,0.0
CTX194501758,1,TEXT_P,1.0,0.0
CTX194600162,1,PHOTO_L,1.0,0.0
CTX194802467,1,TEXT_P,1.0,0.0
CTX196201572B,11,TEXT_P,1.0,0.0
CTX200902494,043,PHOTO_L,1.0,0.0
CTX194600707,1,PHOTO_L,1.0,0.0
CTX194600175,1,LINE_HW,1.0,0.0
CTX201300709,49,PHOTO_L,1.0,0.0
CTX194600038,1,PHOTO_L,1.0,0.0
CTX199904249,319,PHOTO_L,1.0,0.0
CTX194600710,1,PHOTO_L,1.0,0.0
CTX199904249,537,PHOTO_L,1.0,0.0
CTX195100911,1,TEXT_P,1.0,0.0
CTX199904249,187,PHOTO_L,1.0,0.0
CTX197902497,1,PHOTO_L,1.0,0.0
CTX198700247,1,PHOTO_L,1.0,0.0
CTX194600087,1,PHOTO_L,1.0,0.0
CTX194600179,1,PHOTO_L,1.0,0.0
CTX199706442,53,PHOTO_L,1.0,0.0
CTX194501530,1,TEXT_P,1.0,0.0
CTX199904249,505,PHOTO_L,1.0,0.0
CTX194901219,1,PHOTO_L,1.0,0.0
CTX195703291,1,TEXT_P,1.0,0.0
CTX199904249,350,PHOTO_L,1.0,0.0
CTX195901900,1,TEXT_P,1.0,0.0
CTX194601878,1,PHOTO_L,1.0,0.0
CTX201600696,115,PHOTO_L,1.0,0.0
CTX194501868,1,PHOTO_L,1.0,0.0
CTX200905128C,105,PHOTO_L,1.0,0.0
CTX197305899,07,PHOTO_L,1.0,0.0
CTX194200526,1,TEXT_P,1.0,0.0
CTX194501849,1,PHOTO_L,1.0,0.0
CTX194501925,1,LINE_T,1.0,0.0
CTX197305899,09,PHOTO_L,1.0,0.0
CTX194502993,77,PHOTO_L,1.0,0.0
CTX194600187,1,LINE_T,1.0,0.0
CTX195703275,1,TEXT_P,1.0,0.0
CTX194600084,1,PHOTO_L,1.0,0.0
CTX198700265,1,PHOTO_L,1.0,0.0
CTX201004072,046,PHOTO_L,1.0,0.0
CTX198700282,1,TEXT_P,1.0,0.0
CTX194501533,1,TEXT_P,1.0,0.0
CTX194802760,1,PHOTO_L,1.0,0.0
CTX194501872,1,TEXT_P,1.0,0.0
CTX194604810,1,PHOTO_L,1.0,0.0
CTX194707370,2,TEXT_P,1.0,0.0
CTX195701174,1,PHOTO_L,1.0,0.0
CTX194501427,1,TEXT_P,1.0,0.0
CTX197102727,113,TEXT_P,1.0,0.0
CTX201004988,043,PHOTO_L,1.0,0.0
CTX199904249,207,PHOTO_L,1.0,0.0
CTX194600177,1,LINE_HW,1.0,0.0
CTX194501166,1,TEXT_P,1.0,0.0
CTX195703318,1,PHOTO_L,1.0,0.0
CTX194500572,1,TEXT_P,1.0,0.0
CTX195103043,1,TEXT_P,1.0,0.0
CTX199904249,504,PHOTO_L,1.0,0.0
CTX194501082,1,PHOTO_L,1.0,0.0
CTX199904249,363,PHOTO_L,1.0,0.0
CTX201004973,12,PHOTO_L,1.0,0.0
CTX199906811,1,TEXT_T,1.0,0.0
CTX201300709,48,PHOTO_L,1.0,0.0
CTX194200984,04,PHOTO_L,1.0,0.0
CTX194600704,1,PHOTO_L,1.0,0.0
CTX194604811,1,PHOTO_L,1.0,0.0
CTX200903549,22,PHOTO_L,1.0,0.0
CTX201101262,79,PHOTO_L,1.0,0.0
CTX198700263,1,PHOTO_L,1.0,0.0
CTX199904249,487,PHOTO_L,1.0,0.0
CTX194600170,1,TEXT_P,1.0,0.0
CTX201405182,24,TEXT_P,1.0,0.0
CTX199904249,352,PHOTO_L,1.0,0.0
CTX195603662,1,PHOTO_L,1.0,0.0
CTX200901867,35,PHOTO_L,1.0,0.0
CTX194400829,1,TEXT_P,1.0,0.0
CTX194501874,1,TEXT_P,1.0,0.0
CTX198200405,1,PHOTO_L,1.0,0.0
CTX194501889,1,PHOTO_L,1.0,0.0
CTX197403591,25,PHOTO_L,1.0,0.0
CTX198700288,1,PHOTO_L,1.0,0.0
CTX199904249,360,PHOTO_L,1.0,0.0
CTX199407418,09,TEXT_P,1.0,0.0
CTX194501535,1,TEXT_P,1.0,0.0
CTX199904249,369,PHOTO_L,1.0,0.0
CTX195805655,1,PHOTO_L,1.0,0.0
CTX194600166,1,PHOTO_L,1.0,0.0
CTX198005671,1,LINE_HW,1.0,0.0
CTX200903838,50,PHOTO_L,1.0,0.0
CTX195703272,1,PHOTO_L,1.0,0.0
CTX194503005,51,TEXT_T,1.0,0.0
CTX199904249,229,PHOTO_L,1.0,0.0
CTX196000492,1,TEXT_P,1.0,0.0
CTX201300443,068,PHOTO_L,1.0,0.0
CTX194501800,1,DRAW,1.0,0.0
CTX194600718,1,PHOTO_L,1.0,0.0
CTX194501854,1,PHOTO_L,1.0,0.0
CTX201405223,524,PHOTO_L,1.0,0.0
CTX194200588,1,TEXT_P,1.0,0.0
CTX198700285,1,TEXT_P,1.0,0.0
CTX198700278,1,PHOTO_L,1.0,0.0
CTX199706428,50,PHOTO_L,1.0,0.0
CTX199904249,212,PHOTO_L,1.0,0.0
CTX194600643,1,PHOTO_L,1.0,0.0
CTX194600012,1,PHOTO_L,1.0,0.0
CTX194502736,1,TEXT_P,1.0,0.0
CTX194601069,1,LINE_T,1.0,0.0
CTX194600677,1,PHOTO_L,1.0,0.0
CTX195703280,1,PHOTO_L,1.0,0.0
CTX194501822,1,LINE_T,1.0,0.0
CTX194501876,1,PHOTO_L,1.0,0.0
CTX194600701,1,TEXT_P,1.0,0.0
CTX199706428,49,PHOTO_L,1.0,0.0
CTX198005664,1,PHOTO_L,1.0,0.0
CTX197305780,4,TEXT_P,1.0,0.0
CTX201004988,034,PHOTO_L,1.0,0.0
CTX194501175,1,PHOTO_L,1.0,0.0
CTX199904249,422,PHOTO_L,1.0,0.0
CTX199904249,508,PHOTO_L,1.0,0.0
CTX195703307,1,PHOTO_L,1.0,0.0
CTX194603902,17,PHOTO_L,1.0,0.0
CTX194501782,1,TEXT_P,1.0,0.0
CTX201004976,12,PHOTO_L,1.0,0.0
CTX198700241,1,PHOTO_L,1.0,0.0
CTX200901778,071,PHOTO_L,1.0,0.0
CTX199904249,434,PHOTO_L,1.0,0.0
CTX194501877,1,PHOTO_L,1.0,0.0
CTX194501818,1,PHOTO_L,1.0,0.0
CTX198700257,1,PHOTO_L,1.0,0.0
CTX198801403,1,TEXT_P,1.0,0.0
CTX194600028,1,PHOTO_L,1.0,0.0
CTX199406668,10,LINE_T,1.0,0.0
CTX199500380,08,TEXT_P,1.0,0.0
CTX197901186,3,TEXT_P,1.0,0.0
CTX199501370A,15,PHOTO_L,1.0,0.0
CTX195906427A,140,LINE_T,1.0,0.0
CTX196502444B,123,TEXT_T,1.0,0.0
CTX194607858,156,TEXT_P,1.0,0.0
CTX194607858,124,TEXT_HW,1.0,0.0
CTX200903014,031,TEXT_P,1.0,0.0
CTX196407192,075,LINE_T,1.0,0.0
CTX194607858,049,TEXT_HW,1.0,0.0
CTX194805656,81,TEXT_P,1.0,0.0
CTX201404706,499,TEXT_T,1.0,0.0
CTX195700939,1,PHOTO_L,1.0,0.0
CTX192900621,02,TEXT_P,1.0,0.0
CTX201600897,58,PHOTO_L,1.0,0.0
CTX199705119,32,TEXT_P,1.0,0.0
CTX195306062,086,TEXT_P,1.0,0.0
CTX201404706,488,TEXT_P,1.0,0.0
CTX201004993,08,PHOTO_L,1.0,0.0
CTX199601926G,53,TEXT_P,1.0,0.0
CTX194104882,1,PHOTO_L,1.0,0.0
CTX194200531,1,PHOTO,1.0,0.0
CTX194607858,016,TEXT_T,1.0,0.0
CTX192700737,1,TEXT_P,1.0,0.0
CTX196407192,080,LINE_T,1.0,0.0
CTX194104966,1,PHOTO_L,1.0,0.0
CTX196106505A,070,TEXT_P,1.0,0.0
CTX194607858,011,TEXT_HW,1.0,0.0
CTX199601540,09,PHOTO_L,1.0,0.0
CTX194004663,2,PHOTO_L,1.0,0.0
CTX199401884,1,TEXT_P,1.0,0.0
CTX194607858,165,TEXT_P,1.0,0.0
CTX196502444B,110,TEXT_P,1.0,0.0
CTX201600897,59,PHOTO_L,1.0,0.0
CTX201404706,496,TEXT_T,1.0,0.0
CTX195705013,060,TEXT_P,1.0,0.0
CTX196106505A,067,TEXT_P,1.0,0.0
CTX201405222,155,TEXT_P,1.0,0.0
CTX201600897,19,TEXT_P,1.0,0.0
CTX194607858,188,TEXT_P,1.0,0.0
CTX194200551,1,PHOTO_L,1.0,0.0
CTX199703929,12,TEXT_P,1.0,0.0
CTX194104897,1,PHOTO_L,1.0,0.0
CTX194607858,008,TEXT_P,1.0,0.0
CTX199502166,36,PHOTO_L,1.0,0.0
CTX196106505A,069,TEXT_P,1.0,0.0
CTX194607858,150,TEXT_HW,1.0,0.0
CTX201404706,475,TEXT_T,1.0,0.0
CTX199700846,1,PHOTO_L,1.0,0.0
CTX196106505A,078,TEXT_T,1.0,0.0
CTX194607858,190,TEXT_P,1.0,0.0
CTX194105044,1,PHOTO_L,1.0,0.0
CTX196001290,275,TEXT_T,1.0,0.0
CTX199705519,68,PHOTO_L,1.0,0.0
CTX194005870,06,PHOTO_L,1.0,0.0
CTX195306062,087,TEXT_P,1.0,0.0
CTX192801668,1,TEXT_P,1.0,0.0
CTX199601926G,55,PHOTO_L,1.0,0.0
CTX194607858,025,TEXT_P,1.0,0.0
CTX195906427A,119,PHOTO_L,1.0,0.0
CTX194607858,173,TEXT_P,1.0,0.0
CTX192601040,1,PHOTO,1.0,0.0
CTX201404706,451,TEXT_P,1.0,0.0
CTX197106767,242,TEXT_T,1.0,0.0
CTX199707212,18,PHOTO_L,1.0,0.0
CTX194200541,1,PHOTO_L,1.0,0.0
CTX196005518,080,TEXT_P,1.0,0.0
CTX192700821,1,TEXT_P,1.0,0.0
CTX192800320,1,TEXT_P,1.0,0.0
CTX195904608,062,TEXT_P,1.0,0.0
CTX199705519,10,TEXT_P,1.0,0.0
CTX196106505A,072,TEXT_P,1.0,0.0
CTX196001290,276,TEXT_T,1.0,0.0
CTX194607858,013,TEXT_HW,1.0,0.0
CTX194607858,102,TEXT_T,1.0,0.0
CTX199404525,31,PHOTO_L,1.0,0.0
CTX200903464,173,LINE_T,1.0,0.0
CTX199604677,19,PHOTO_L,1.0,0.0
CTX199501370A,33,PHOTO_L,1.0,0.0
CTX199700173,43,PHOTO_L,1.0,0.0
CTX194200540,1,LINE_HW,1.0,0.0
CTX195306062,031,TEXT_P,1.0,0.0
CTX194607858,168,TEXT_P,1.0,0.0
CTX195306062,092,TEXT_P,1.0,0.0
CTX199407486,02,TEXT_T,1.0,0.0
CTX196005518,072,TEXT_T,1.0,0.0
CTX201600897,66,TEXT_P,1.0,0.0
CTX194604274,18,LINE_T,1.0,0.0
CTX194607858,002,TEXT_P,1.0,0.0
CTX192600452,1,TEXT_P,1.0,0.0
CTX194607858,079,TEXT_HW,1.0,0.0
CTX192900372,1,TEXT_P,1.0,0.0
CTX201404706,478,TEXT_T,1.0,0.0
CTX201600897,13,TEXT_T,1.0,0.0
CTX196407192,069,LINE_T,1.0,0.0
CTX194200562,1,PHOTO_L,1.0,0.0
CTX201404706,502,TEXT_P,1.0,0.0
CTX194004179,4,TEXT_P,1.0,0.0
CTX195906427A,120,PHOTO_L,1.0,0.0
CTX196001290,277,TEXT_T,1.0,0.0
CTX199503105,41,TEXT_P,1.0,0.0
CTX196106505A,074,TEXT_P,1.0,0.0
CTX192900551,2,TEXT_P,1.0,0.0
CTX194607858,138,TEXT_P,1.0,0.0
CTX199703928,13,PHOTO_L,1.0,0.0
CTX199707212,19,PHOTO_L,1.0,0.0
CTX194607858,071,TEXT_HW,1.0,0.0
CTX201750117,1,TEXT,1.0,0.0
CTX194607858,155,TEXT_P,1.0,0.0
CTX195906427A,136,LINE_T,1.0,0.0
CTX201405222,181,TEXT_P,1.0,0.0
CTX196201572B,18,PHOTO_L,1.0,0.0
CTX194607858,205,TEXT_P,1.0,0.0
CTX196502444B,112,TEXT_T,1.0,0.0
CTX195906334,202,TEXT_P,1.0,0.0
CTX199703456,038,TEXT_P,1.0,0.0
CTX193702477,095,TEXT_P,1.0,0.0
CTX194106081,24,TEXT_P,1.0,0.0
CTX194806016,13,TEXT_P,1.0,0.0
CTX199805567,611,PHOTO_L,1.0,0.0
CTX199703456,036,TEXT_P,1.0,0.0
CTX193801636,168,TEXT_P,1.0,0.0
CTX194503005,07,TEXT_P,1.0,0.0
CTX198901592,230,PHOTO_L,1.0,0.0
CTX193903912,25,TEXT_P,1.0,0.0
CTX199803174,1,TEXT_P,1.0,0.0
CTX197002153,27,TEXT_P,1.0,0.0
CTX199703719,1,TEXT_P,1.0,0.0
CTX200901172,407,TEXT_P,1.0,0.0
CTX198901592,245,TEXT_P,1.0,0.0
CTX194706274,3,PHOTO_L,1.0,0.0
CTX193301835,1,TEXT_P,1.0,0.0
CTX198004861,50,PHOTO_L,1.0,0.0
CTX194604305A,32,TEXT_P,1.0,0.0
CTX201101270,29,TEXT_P,1.0,0.0
CTX198901592,377,PHOTO_L,1.0,0.0
CTX198004861,86,TEXT_P,1.0,0.0
CTX193200994,19,TEXT_P,1.0,0.0
CTX199706647,18,PHOTO_L,1.0,0.0
CTX198603288,1,PHOTO_L,1.0,0.0
CTX198901592,214,TEXT_P,1.0,0.0
CTX200904291,33,PHOTO_L,1.0,0.0
CTX200903470,40,TEXT_T,1.0,0.0
CTX194300538,10,TEXT_P,1.0,0.0
CTX198603166,1,PHOTO_L,1.0,0.0
CTX193100383,1,PHOTO_L,1.0,0.0
CTX198004861,40,TEXT_P,1.0,0.0
CTX201600358,07,TEXT_P,1.0,0.0
CTX198901592,243,PHOTO_L,1.0,0.0
CTX199805567,596,TEXT_P,1.0,0.0
CTX200903027,10,TEXT_T,1.0,0.0
CTX200903044,3,TEXT_P,1.0,0.0
CTX201404706,428,TEXT_P,1.0,0.0
CTX199904249,116,PHOTO_L,1.0,0.0
CTX200900174,37,PHOTO_L,1.0,0.0
CTX201400039A,08,PHOTO_L,1.0,0.0
CTX193301834,08,TEXT_P,1.0,0.0
CTX194806016,12,TEXT_P,1.0,0.0
CTX195906334,161,PHOTO_L,1.0,0.0
CTX200908088,122,TEXT_P,1.0,0.0
CTX197808557,1,TEXT_P,1.0,0.0
CTX199706138,6,DRAW_L,1.0,0.0
CTX193801636,183,TEXT_P,1.0,0.0
CTX200306915,1,TEXT_P,1.0,0.0
CTX201101250,22,TEXT,1.0,0.0
CTX193903912,09,TEXT_T,1.0,0.0
CTX193801636,192,TEXT_P,1.0,0.0
CTX198101648,35,PHOTO_L,1.0,0.0
CTX193200169,1,LINE_T,1.0,0.0
CTX198101648,49,TEXT_P,1.0,0.0
CTX199805567,608,PHOTO_L,1.0,0.0
CTX200900701,204,LINE_HW,1.0,0.0
CTX199904249,100,PHOTO_L,1.0,0.0
CTX193600367,1,PHOTO_L,1.0,0.0
CTX194706133,2,TEXT_P,1.0,0.0
CTX199706647,19,TEXT_P,1.0,0.0
CTX198303274,1,PHOTO_L,1.0,0.0
CTX198104469,28,TEXT_P,1.0,0.0
CTX199904249,135,PHOTO_L,1.0,0.0
CTX197702089,1,PHOTO_L,1.0,0.0
CTX193601797,20,TEXT_P,1.0,0.0
CTX198901592,229,PHOTO_L,1.0,0.0
CTX194604305A,33,TEXT_P,1.0,0.0
CTX198901592,255,PHOTO_L,1.0,0.0
CTX193702477,086,DRAW,1.0,0.0
CTX200901576,13,TEXT_P,1.0,0.0
CTX199707104,252,PHOTO_L,1.0,0.0
CTX194106081,30,TEXT_P,1.0,0.0
CTX199502578,1,TEXT_P,1.0,0.0
CTX194806015,31,PHOTO_L,1.0,0.0
CTX199600363,2,TEXT_P,1.0,0.0
CTX200403521,1,TEXT_P,1.0,0.0
CTX198901592,223,TEXT_P,1.0,0.0
CTX198901592,224,TEXT_P,1.0,0.0
CTX198703008,1,PHOTO_L,1.0,0.0
CTX201101251,65,TEXT,1.0,0.0
CTX193702477,065,LINE_HW,1.0,0.0
CTX198004861,83,TEXT_P,1.0,0.0
CTX200903040,2,TEXT_P,1.0,0.0
CTX194102101,076,TEXT_P,1.0,0.0
CTX199803181,1,TEXT_P,1.0,0.0
CTX200403365,1,TEXT_P,1.0,0.0
CTX198901592,375,PHOTO_L,1.0,0.0
CTX201405075,037,PHOTO_L,1.0,0.0
CTX199904249,129,PHOTO_L,1.0,0.0
CTX193801636,163,TEXT_P,1.0,0.0
CTX200900174,08,PHOTO_L,1.0,0.0
CTX193702477,074,PHOTO_L,1.0,0.0
CTX200200731,1,TEXT_P,1.0,0.0
CTX200905128A,014,PHOTO_L,1.0,0.0
CTX200912947,1,TEXT_P,1.0,0.0
CTX201405222,102,TEXT_P,1.0,0.0
CTX193601411,66,TEXT_P,1.0,0.0
CTX192700593,23,TEXT_P,1.0,0.0
CTX194806016,11,TEXT_P,1.0,0.0
CTX200901911,16,PHOTO_L,1.0,0.0
CTX200903015,35,TEXT_P,1.0,0.0
CTX199805567,614,PHOTO_L,1.0,0.0
CTX201004072,103,PHOTO_L,1.0,0.0
CTX198901592,209,PHOTO_L,1.0,0.0
CTX195906334,149,TEXT_P,1.0,0.0
CTX201404706,432,PHOTO_L,1.0,0.0
CTX197006330,42,TEXT_T,1.0,0.0
CTX198004861,53,PHOTO_L,1.0,0.0
CTX199904249,130,PHOTO_L,1.0,0.0
CTX199702330,10,TEXT_P,1.0,0.0
CTX193702477,011,LINE_HW,1.0,0.0
CTX198101648,70,LINE_HW,1.0,0.0
CTX194502885,1,TEXT_T,1.0,0.0
CTX193101068,25,PHOTO_L,1.0,0.0
CTX197006330,02,TEXT_P,1.0,0.0
CTX199805567,604,PHOTO_L,1.0,0.0
CTX193101068,19,TEXT_P,1.0,0.0
CTX200605502,105,LINE_P,1.0,0.0
CTX198101648,37,DRAW,1.0,0.0
CTX199600470,3,TEXT_P,1.0,0.0
CTX199704829,092,PHOTO_L,1.0,0.0
CTX194300538,13,TEXT_P,1.0,0.0
CTX194005171,3,TEXT_P,1.0,0.0
CTX198901592,381,TEXT_P,1.0,0.0
CTX193102905,2,TEXT_P,1.0,0.0
CTX193702477,040,PHOTO_L,1.0,0.0
CTX201405188,252,TEXT_P,1.0,0.0
CTX201300445,17,PHOTO_L,1.0,0.0
CTX199805567,612,PHOTO_L,1.0,0.0
CTX200900174,35,PHOTO_L,1.0,0.0
CTX201101266,09,TEXT_P,1.0,0.0
CTX196005565,32,TEXT_P,1.0,0.0
CTX193903912,13,TEXT_P,1.0,0.0
CTX198101648,54,LINE_HW,1.0,0.0
CTX197006330,26,TEXT_P,1.0,0.0
CTX199805567,620,PHOTO_L,1.0,0.0
CTX199405393C,04,PHOTO_L,1.0,0.0
CTX193600603,1,PHOTO_L,1.0,0.0
CTX200900693,08,PHOTO_L,1.0,0.0
CTX198203833,1,PHOTO_L,1.0,0.0
CTX194503005,03,TEXT_P,1.0,0.0
CTX200005117,0239,PHOTO_L,1.0,0.0
CTX198901592,241,PHOTO_L,1.0,0.0
CTX201600014,21,TEXT,1.0,0.0
CTX193601411,69,TEXT_P,1.0,0.0
CTX197106522A,22,LINE_T,1.0,0.0
CTX200911486,01,PHOTO_L,1.0,0.0
CTX193201721,1,LINE_T,1.0,0.0
CTX196306858,295,TEXT_T,1.0,0.0
CTX193702843,1,TEXT_T,1.0,0.0
CTX199000859,1,PHOTO_L,1.0,0.0
CTX193700507,1,PHOTO_L,1.0,0.0
CTX195300727,1,PHOTO_L,1.0,0.0
CTX194102101,129,TEXT_P,1.0,0.0
CTX193702862,1,TEXT_P,1.0,0.0
CTX193100974,8,TEXT_P,1.0,0.0
CTX194104725,20,TEXT_P,1.0,0.0
CTX193301174,1,PHOTO_L,1.0,0.0
CTX198801115,1,PHOTO_L,1.0,0.0
CTX197904722,3,TEXT_P,1.0,0.0
CTX197906407,1,PHOTO_L,1.0,0.0
CTX194707363,23,TEXT_P,1.0,0.0
CTX194102101,020,TEXT_P,1.0,0.0
CTX196204202,1,TEXT_P,1.0,0.0
CTX194105459,22,TEXT_P,1.0,0.0
CTX198801502,1,PHOTO_L,1.0,0.0
CTX198801020,1,PHOTO_L,1.0,0.0
CTX193700024,1,PHOTO,1.0,0.0
CTX198801118,1,PHOTO_L,1.0,0.0
CTX193702858,1,PHOTO_L,1.0,0.0
CTX194106081,06,PHOTO_L,1.0,0.0
CTX198801089,1,PHOTO_L,1.0,0.0
CTX197606116,1,LINE_T,1.0,0.0
CTX192700082,4,TEXT_T,1.0,0.0
CTX194503002,2,TEXT_P,1.0,0.0
CTX194707017,1,TEXT,1.0,0.0
CTX196306858,193,TEXT_T,1.0,0.0
CTX193700510,1,TEXT_P,1.0,0.0
CTX194802376,2,PHOTO_L,1.0,0.0
CTX193102263,1,TEXT_T,1.0,0.0
CTX194004134,2,TEXT_P,1.0,0.0
CTX198702629,1,PHOTO_L,1.0,0.0
CTX193201723,1,TEXT_P,1.0,0.0
CTX196903658,1,PHOTO_L,1.0,0.0
CTX194104725,26,TEXT_P,1.0,0.0
CTX199503955,4,TEXT_P,1.0,0.0
CTX199600354,1,PHOTO_L,1.0,0.0
CTX198801018,1,PHOTO_L,1.0,0.0
CTX193700410,1,TEXT_P,1.0,0.0
CTX198702561,1,TEXT_P,1.0,0.0
CTX194004618,1,TEXT_P,1.0,0.0
CTX198604182,1,TEXT_P,1.0,0.0
CTX193700031,1,PHOTO_L,1.0,0.0
CTX201004072,002,PHOTO_L,1.0,0.0
CTX196306858,253,TEXT_P,1.0,0.0
CTX194105459,18,TEXT_P,1.0,0.0
CTX199702326,14,PHOTO_L,1.0,0.0
CTX193700026,1,LINE_T,1.0,0.0
CTX198801205,1,PHOTO_L,1.0,0.0
CTX198801624,1,PHOTO_L,1.0,0.0
CTX193201909,1,TEXT_T,1.0,0.0
CTX198702088,1,PHOTO_L,1.0,0.0
CTX194105459,24,TEXT_P,1.0,0.0
CTX195703076,1,TEXT_T,1.0,0.0
CTX196306858,104,TEXT_T,1.0,0.0
CTX199400324,01,PHOTO_L,1.0,0.0
CTX200002382,1,TEXT_P,1.0,0.0
CTX194102101,085,TEXT_P,1.0,0.0
CTX197204560,1,TEXT_P,1.0,0.0
CTX196306858,261,TEXT_T,1.0,0.0
CTX197900094,1,TEXT_P,1.0,0.0
CTX193001911,1,TEXT_T,1.0,0.0
CTX193700030,1,TEXT_P,1.0,0.0
CTX198801558,1,PHOTO_L,1.0,0.0
CTX192700656,15,TEXT_P,1.0,0.0
CTX193702847,1,PHOTO_L,1.0,0.0
CTX194102101,133,LINE_T,1.0,0.0
CTX193300953,1,TEXT_P,1.0,0.0
CTX196306858,250,TEXT_T,1.0,0.0
CTX196306858,196,TEXT_T,1.0,0.0
CTX198303114,1,PHOTO_L,1.0,0.0
CTX196306858,198,TEXT_T,1.0,0.0
CTX194605427,1,TEXT_P,1.0,0.0
CTX196306858,259,TEXT_P,1.0,0.0
CTX193400594,1,TEXT_P,1.0,0.0
CTX194106081,03,TEXT_P,1.0,0.0
CTX198801033,1,PHOTO_L,1.0,0.0
CTX196002816,04,TEXT_T,1.0,0.0
CTX199505618,02,TEXT_P,1.0,0.0
CTX198800997,1,PHOTO_L,1.0,0.0
CTX194102101,081,TEXT_P,1.0,0.0
CTX194105459,27,TEXT_P,1.0,0.0
CTX193200191,23,TEXT_T,1.0,0.0
CTX196306858,080,TEXT_T,1.0,0.0
CTX193703049,1,PHOTO_L,1.0,0.0
CTX193200191,24,TEXT_T,1.0,0.0
CTX196306858,262,TEXT_P,1.0,0.0
CTX193201733,1,TEXT_P,1.0,0.0
CTX193800389,1,PHOTO_L,1.0,0.0
CTX193701984,1,TEXT_P,1.0,0.0
CTX193700540,1,PHOTO_L,1.0,0.0
CTX198602380,1,TEXT_T,1.0,0.0
CTX198301982,1,TEXT_P,1.0,0.0
CTX198801565,1,PHOTO_L,1.0,0.0
CTX198702734,1,PHOTO_L,1.0,0.0
CTX192600273,1,TEXT_T,1.0,0.0
CTX194104725,25,TEXT_P,1.0,0.0
CTX192600538,1,TEXT_P,1.0,0.0
CTX193100391,01,LINE_T,1.0,0.0
CTX193601417,3,TEXT_T,1.0,0.0
CTX193601417,4,TEXT_T,1.0,0.0
CTX197902399,2,PHOTO_L,1.0,0.0
CTX197803016,1,PHOTO_L,1.0,0.0
CTX194104725,19,TEXT_T,1.0,0.0
CTX197902897,1,TEXT_P,1.0,0.0
CTX195301912,1,PHOTO_L,1.0,0.0
CTX197900519,01,PHOTO_L,1.0,0.0
CTX196203296,1,TEXT_P,1.0,0.0
CTX193700023,1,PHOTO_L,1.0,0.0
CTX198303116,1,PHOTO_L,1.0,0.0
CTX193102237,2,TEXT_T,1.0,0.0
CTX199600719,05,PHOTO_L,1.0,0.0
CTX194002572,2,PHOTO_L,1.0,0.0
CTX193702845,1,TEXT_T,1.0,0.0
CTX199807156,001,PHOTO,1.0,0.0
CTX195906334,113,TEXT_P,1.0,0.0
CTX193700040,1,TEXT_P,1.0,0.0
CTX198801044,1,PHOTO_L,1.0,0.0
CTX193700014,1,LINE_T,1.0,0.0
CTX193701400,1,TEXT_T,1.0,0.0
CTX196306858,289,TEXT_T,1.0,0.0
CTX199405739,1,PHOTO_L,1.0,0.0
CTX196103872,1,PHOTO_L,1.0,0.0
CTX198702594,1,PHOTO_L,1.0,0.0
CTX193501830,4,TEXT_T,1.0,0.0
CTX196106172,2,TEXT_P,1.0,0.0
CTX193702477,002,TEXT_P,1.0,0.0
CTX193701986,1,TEXT_P,1.0,0.0
CTX200102747,1,TEXT_P,1.0,0.0
CTX193001305,1,TEXT_P,1.0,0.0
CTX198700417,1,TEXT_T,1.0,0.0
CTX194104725,18,TEXT_P,1.0,0.0
CTX196306858,316,TEXT,1.0,0.0
CTX198801508,1,PHOTO_L,1.0,0.0
CTX193301897,1,TEXT_P,1.0,0.0
CTX193702848,1,TEXT_P,1.0,0.0
CTX193202657,1,TEXT_T,1.0,0.0
CTX196306858,249,TEXT_P,1.0,0.0
CTX199300044,01,LINE_HW,1.0,0.0
CTX193702738,1,TEXT_T,1.0,0.0
CTX193700516,1,PHOTO_L,1.0,0.0
CTX193301870,1,PHOTO_L,1.0,0.0
CTX198801217,1,PHOTO_L,1.0,0.0
CTX194104725,23,TEXT_T,1.0,0.0
CTX198800144,1,LINE_T,1.0,0.0
CTX199702426,001,TEXT_T,1.0,0.0
CTX192100040,08,TEXT_P,1.0,0.0
CTX193700019,1,LINE_T,1.0,0.0
CTX198801356,1,PHOTO_L,1.0,0.0
CTX193201711,1,TEXT_T,1.0,0.0
CTX193600355,1,PHOTO_L,1.0,0.0
CTX197903709,02,PHOTO_L,1.0,0.0
CTX193201978,1,TEXT_P,1.0,0.0
CTX193400734,1,TEXT_T,1.0,0.0
CTX200915804,80,PHOTO_L,1.0,0.0
CTX199600359,073,PHOTO,1.0,0.0
CTX199904249,698,PHOTO_L,1.0,0.0
CTX199805567,555,PHOTO_L,1.0,0.0
CTX201004072,092,PHOTO_L,1.0,0.0
CTX201600894,53,PHOTO,1.0,0.0
CTX200907044,112,TEXT_P,1.0,0.0
CTX199706736,062,PHOTO_L,1.0,0.0
CTX200913660,023,PHOTO,1.0,0.0
CTX201101323,0306,PHOTO,1.0,0.0
CTX199604924A,128,DRAW,1.0,0.0
CTX200900101,32,PHOTO,1.0,0.0
CTX199504932,84,PHOTO,1.0,0.0
CTX199502755,011,LINE_HW,1.0,0.0
CTX201600965,791,PHOTO,1.0,0.0
CTX199505502,21,PHOTO_L,1.0,0.0
CTX201300429,33,PHOTO,1.0,0.0
CTX199904249,330,PHOTO_L,1.0,0.0
CTX200902494,072,PHOTO_L,1.0,0.0
CTX201600842,104,PHOTO_L,1.0,0.0
CTX201600013,11,PHOTO,1.0,0.0
CTX199904249,457,PHOTO_L,1.0,0.0
CTX199904249,486,PHOTO_L,1.0,0.0
CTX200903813,75,PHOTO,1.0,0.0
CTX201600343,37,PHOTO,1.0,0.0
CTX199904249,732,PHOTO_L,1.0,0.0
CTX201405170,1,PHOTO,1.0,0.0
CTX199904249,155,PHOTO_L,1.0,0.0
CTX199904249,689,PHOTO_L,1.0,0.0
CTX199904249,658,PHOTO_L,1.0,0.0
CTX199604924A,102,PHOTO,1.0,0.0
CTX199805567,536,PHOTO_L,1.0,0.0
CTX200900707,039,PHOTO,1.0,0.0
CTX199706736,048,PHOTO,1.0,0.0
CTX199703458,085,PHOTO,1.0,0.0
CTX200905128F,257,PHOTO_L,1.0,0.0
CTX199604924A,004,DRAW,1.0,0.0
CTX199904249,179,PHOTO_L,1.0,0.0
CTX201405184,295,PHOTO_L,1.0,0.0
CTX199806780,1,PHOTO_L,1.0,0.0
CTX199604924A,071,DRAW,1.0,0.0
CTX199104207,2,PHOTO_L,1.0,0.0
CTX201101262,87,PHOTO_L,1.0,0.0
CTX200915804,10,PHOTO_L,1.0,0.0
CTX200903833,02,PHOTO,1.0,0.0
CTX201405165,021,PHOTO,1.0,0.0
CTX199706736,056,PHOTO_L,1.0,0.0
CTX200903550,074,PHOTO_L,1.0,0.0
CTX199604924A,044,DRAW,1.0,0.0
CTX199904249,648,PHOTO_L,1.0,0.0
CTX200915804,81,PHOTO_L,1.0,0.0
CTX200900017,07,PHOTO,1.0,0.0
CTX200903467B,297,PHOTO_L,1.0,0.0
CTX201004072,079,TEXT_P,1.0,0.0
CTX200900759,15,TEXT_P,1.0,0.0
CTX199904249,304,PHOTO_L,1.0,0.0
CTX199501777,1,TEXT_P,1.0,0.0
CTX200900016,03,PHOTO_L,1.0,0.0
CTX201600031,046,PHOTO,1.0,0.0
CTX200904043,18,PHOTO_L,1.0,0.0
CTX199703458,083,PHOTO,1.0,0.0
CTX199904249,153,PHOTO_L,1.0,0.0
CTX199605098,104,PHOTO,1.0,0.0
CTX199806781,1,PHOTO_L,1.0,0.0
CTX200903469,044,PHOTO_L,1.0,0.0
CTX201101323,0661,PHOTO,1.0,0.0
CTX199604924A,067,DRAW,1.0,0.0
CTX201300514,066,PHOTO_L,1.0,0.0
CTX200903467C,033,PHOTO,1.0,0.0
CTX199904249,748,PHOTO_L,1.0,0.0
CTX199604924A,138,PHOTO,1.0,0.0
CTX199604924A,012,PHOTO,1.0,0.0
CTX201001607,148,PHOTO,1.0,0.0
CTX201001607,199,PHOTO,1.0,0.0
CTX199604924A,100,PHOTO,1.0,0.0
CTX200908088A,103,TEXT_P,1.0,0.0
CTX199904249,653,PHOTO_L,1.0,0.0
CTX199904249,188,PHOTO_L,1.0,0.0
CTX199604924A,023,PHOTO,1.0,0.0
CTX200901172,400,PHOTO_L,1.0,0.0
CTX200903021,129,PHOTO_L,1.0,0.0
CTX201300636,16,PHOTO_L,1.0,0.0
CTX200903829,02,PHOTO,1.0,0.0
CTX199904249,702,PHOTO_L,1.0,0.0
CTX199604924A,064,DRAW,1.0,0.0
CTX199904249,351,PHOTO_L,1.0,0.0
CTX199904249,666,PHOTO_L,1.0,0.0
CTX200900639,14,PHOTO_L,1.0,0.0
CTX201600842,106,PHOTO_L,1.0,0.0
CTX201300531,487,PHOTO,1.0,0.0
CTX199904249,452,PHOTO_L,1.0,0.0
CTX199604924A,011,PHOTO,1.0,0.0
CTX199904249,389,PHOTO_L,1.0,0.0
CTX200915804,77,PHOTO_L,1.0,0.0
CTX201101323,0634,PHOTO,1.0,0.0
CTX200902621,08,PHOTO,1.0,0.0
CTX200902494,070,PHOTO_L,1.0,0.0
CTX200903469,018,PHOTO_L,1.0,0.0
CTX200907044,110,TEXT_P,1.0,0.0
CTX199904249,264,PHOTO_L,1.0,0.0
CTX201600894,56,PHOTO,1.0,0.0
CTX199604924A,072,PHOTO,1.0,0.0
CTX199904249,431,PHOTO_L,1.0,0.0
CTX199706736,052,PHOTO,1.0,0.0
CTX200903014,099,PHOTO_L,1.0,0.0
CTX200905128A,019,TEXT_P,1.0,0.0
CTX199904249,375,PHOTO_L,1.0,0.0
CTX199405584,13,PHOTO_L,1.0,0.0
CTX199505339,036,PHOTO_L,1.0,0.0
CTX201004072,074,PHOTO_L,1.0,0.0
CTX199805567,525,PHOTO_L,1.0,0.0
CTX199505339,038,PHOTO_L,1.0,0.0
CTX199904249,258,PHOTO_L,1.0,0.0
CTX199604924A,098,PHOTO,1.0,0.0
CTX199505620,23,PHOTO_L,1.0,0.0
CTX200903265,60,TEXT_P,1.0,0.0
CTX199904249,482,PHOTO_L,1.0,0.0
CTX201405184,225,PHOTO,1.0,0.0
CTX199904249,660,PHOTO_L,1.0,0.0
CTX199505339,061,PHOTO_L,1.0,0.0
CTX201600842,107,PHOTO_L,1.0,0.0
CTX199904249,485,PHOTO_L,1.0,0.0
CTX201300443,098,PHOTO,1.0,0.0
CTX201004072,087,TEXT_P,1.0,0.0
CTX199904249,736,PHOTO_L,1.0,0.0
CTX200900707,389,PHOTO_L,1.0,0.0
CTX199904249,703,PHOTO_L,1.0,0.0
CTX200903470,18,PHOTO_L,1.0,0.0
CTX201101323,0663,PHOTO,1.0,0.0
CTX199805567,535,PHOTO_L,1.0,0.0
CTX199805567,549,PHOTO_L,1.0,0.0
CTX199703458,086,PHOTO_L,1.0,0.0
CTX201004988,154,PHOTO,1.0,0.0
CTX200900707,041,PHOTO,1.0,0.0
CTX200908088A,105,TEXT_T,1.0,0.0
CTX199904249,643,PHOTO_L,1.0,0.0
CTX200903467B,292,PHOTO_L,1.0,0.0
CTX200903467B,411,PHOTO_L,1.0,0.0
CTX199904249,470,PHOTO_L,1.0,0.0
CTX200900293,06,PHOTO,1.0,0.0
CTX201101281,02,PHOTO,1.0,0.0
CTX199904249,250,PHOTO_L,1.0,0.0
CTX199706736,054,PHOTO,1.0,0.0
CTX199904249,526,PHOTO_L,1.0,0.0
CTX200902494,115,PHOTO_L,1.0,0.0
CTX199706736,053,PHOTO_L,1.0,0.0
CTX201300518,040,PHOTO_L,1.0,0.0
CTX200903467D,190,PHOTO_L,1.0,0.0
CTX199904249,262,PHOTO_L,1.0,0.0
CTX200903467C,104,PHOTO,1.0,0.0
CTX199604924A,008,PHOTO,1.0,0.0
CTX199805567,563,PHOTO_L,1.0,0.0
CTX201004072,091,PHOTO_L,1.0,0.0
CTX200915804,12,PHOTO_L,1.0,0.0
CTX201101323,0635,PHOTO,1.0,0.0
CTX201300531,103,PHOTO,1.0,0.0
CTX199604924A,122,PHOTO,1.0,0.0
CTX199600359,114,PHOTO,1.0,0.0
CTX200901172,008,PHOTO,1.0,0.0
CTX201404706,082,PHOTO_L,1.0,0.0
CTX200913660,010,PHOTO,1.0,0.0
CTX199603103,04,PHOTO,1.0,0.0
CTX199400155,2,PHOTO_L,1.0,0.0
CTX201004072,005,PHOTO,1.0,0.0
CTX201404706,440,PHOTO_L,1.0,0.0
CTX199706931,05,PHOTO,1.0,0.0
CTX200915572,03,TEXT_P,1.0,0.0
CTX199600378,13,PHOTO_L,1.0,0.0
CTX199704720,06,PHOTO_L,1.0,0.0
CTX199805567,568,PHOTO_L,1.0,0.0
CTX199504932,10,PHOTO,1.0,0.0
CTX199904249,026,PHOTO,1.0,0.0
CTX199805567,437,PHOTO,1.0,0.0
CTX200914775,03,TEXT_P,1.0,0.0
CTX201001607,093,PHOTO,1.0,0.0
CTX199400157,03,PHOTO_L,1.0,0.0
CTX199904249,053,PHOTO,1.0,0.0
CTX201404706,145,TEXT_T,1.0,0.0
CTX199605768,226,TEXT_P,1.0,0.0
CTX201001607,170,PHOTO,1.0,0.0
CTX201001607,177,PHOTO,1.0,0.0
CTX199807156,004,PHOTO,1.0,0.0
CTX199805567,570,TEXT_P,1.0,0.0
CTX201404706,182,PHOTO_L,1.0,0.0
CTX201600009,039,PHOTO,1.0,0.0
CTX201001607,053,PHOTO,1.0,0.0
CTX200900174,05,PHOTO,1.0,0.0
CTX200900701,100,PHOTO,1.0,0.0
CTX201404706,005,PHOTO_L,1.0,0.0
CTX199602540,04,PHOTO_L,1.0,0.0
CTX200900701,023,PHOTO,1.0,0.0
CTX200900344,05,PHOTO,1.0,0.0
CTX201001607,102,PHOTO,1.0,0.0
CTX201004072,102,LINE_P,1.0,0.0
CTX201404706,126,PHOTO_L,1.0,0.0
CTX199400302,13,PHOTO_L,1.0,0.0
CTX199904249,121,PHOTO,1.0,0.0
CTX199805567,009,LINE_P,1.0,0.0
CTX200702268,007,PHOTO,1.0,0.0
CTX201600301,16,PHOTO,1.0,0.0
CTX199600953,13,PHOTO,1.0,0.0
CTX200900345,25,PHOTO,1.0,0.0
CTX201404706,042,PHOTO_L,1.0,0.0
CTX201404706,093,PHOTO_L,1.0,0.0
CTX201600031,033,PHOTO,1.0,0.0
CTX199904249,128,PHOTO_L,1.0,0.0
CTX199904249,070,PHOTO,1.0,0.0
CTX199400324,18,PHOTO,1.0,0.0
CTX201001607,145,PHOTO,1.0,0.0
CTX201404706,094,PHOTO_L,1.0,0.0
CTX201001607,095,PHOTO,1.0,0.0
CTX201001607,044,PHOTO,1.0,0.0
CTX201600353,09,PHOTO,1.0,0.0
CTX199602537,85,PHOTO_L,1.0,0.0
CTX199805567,438,LINE_P,1.0,0.0
CTX199904249,055,PHOTO,1.0,0.0
CTX199805567,391,PHOTO,1.0,0.0
CTX200900016,19,PHOTO,1.0,0.0
CTX199600362,07,PHOTO,1.0,0.0
CTX200915757,06,TEXT_P,1.0,0.0
CTX199600953,04,PHOTO,1.0,0.0
CTX200900701,232,PHOTO,1.0,0.0
CTX200901576,11,TEXT_P,1.0,0.0
CTX199600831,08,PHOTO,1.0,0.0
CTX199904249,067,PHOTO,1.0,0.0
CTX200915208,005,PHOTO,1.0,0.0
CTX200913903,07,PHOTO_L,1.0,0.0
CTX200915631,02,LINE_T,1.0,0.0
CTX199700468,06,PHOTO,1.0,0.0
CTX200913660,007,PHOTO,1.0,0.0
CTX200702268,008,PHOTO,1.0,0.0
CTX199600358,009,TEXT_P,1.0,0.0
CTX199904249,071,PHOTO,1.0,0.0
CTX201001607,067,PHOTO,1.0,0.0
CTX193903912,10,TEXT_P,1.0,0.0
CTX199504915,10,PHOTO,1.0,0.0
CTX201001607,069,PHOTO,1.0,0.0
CTX201001607,136,PHOTO,1.0,0.0
CTX201404706,205,PHOTO_L,1.0,0.0
CTX199904249,004,PHOTO,1.0,0.0
CTX199400302,27,PHOTO,1.0,0.0
CTX200900016,08,PHOTO,1.0,0.0
CTX200901174,04,PHOTO,1.0,0.0
CTX199600598,08,PHOTO_L,1.0,0.0
CTX199807082,03,LINE_HW,1.0,0.0
CTX199504932,09,PHOTO,1.0,0.0
CTX199601555,039,PHOTO_L,1.0,0.0
CTX200900016,01,PHOTO,1.0,0.0
CTX199908715,1,PHOTO_L,1.0,0.0
CTX199805567,002,PHOTO,1.0,0.0
CTX199706440,03,PHOTO_L,1.0,0.0
CTX200901868,009,PHOTO,1.0,0.0
CTX199805567,079,LINE_P,1.0,0.0
CTX199204240,07,PHOTO_L,1.0,0.0
CTX200901868,007,PHOTO,1.0,0.0
CTX200914752,07,PHOTO_L,1.0,0.0
CTX199400302,16,PHOTO_L,1.0,0.0
CTX200900701,102,LINE_P,1.0,0.0
CTX199605671,04,PHOTO_L,1.0,0.0
CTX199904249,049,PHOTO,1.0,0.0
CTX201404706,007,PHOTO_L,1.0,0.0
CTX199600378,07,PHOTO,1.0,0.0
CTX199604936,06,PHOTO_L,1.0,0.0
CTX200901174,07,PHOTO,1.0,0.0
CTX199400302,11,PHOTO,1.0,0.0
CTX199706756,07,PHOTO,1.0,0.0
CTX199904249,040,PHOTO,1.0,0.0
CTX201001607,056,PHOTO,1.0,0.0
CTX199301690,08,PHOTO,1.0,0.0
CTX199400302,18,PHOTO,1.0,0.0
CTX201001607,109,PHOTO,1.0,0.0
CTX201001607,080,PHOTO,1.0,0.0
CTX200900016,13,PHOTO,1.0,0.0
CTX200900759,13,PHOTO_L,1.0,0.0
CTX201001607,111,PHOTO,1.0,0.0
CTX199601926,028,PHOTO,1.0,0.0
CTX200915757,05,TEXT_P,1.0,0.0
CTX200915757,02,TEXT_P,1.0,0.0
CTX199704720,03,PHOTO_L,1.0,0.0
CTX200901867,20,LINE_P,1.0,0.0
CTX200903830,07,PHOTO,1.0,0.0
CTX200914752,11,PHOTO_L,1.0,0.0
CTX201600300,17,PHOTO,1.0,0.0
CTX199600597,02,PHOTO_L,1.0,0.0
CTX199904249,064,PHOTO,1.0,0.0
CTX201004072,072,LINE_P,1.0,0.0
CTX201001607,075,PHOTO,1.0,0.0
CTX199904249,063,PHOTO,1.0,0.0
CTX199600598,04,PHOTO,1.0,0.0
CTX200900017,11,PHOTO_L,1.0,0.0
CTX199605768,233,TEXT_P,1.0,0.0
CTX200905347,14,PHOTO_L,1.0,0.0
CTX199706756,06,PHOTO,1.0,0.0
CTX201001607,057,PHOTO,1.0,0.0
CTX199301690,09,PHOTO,1.0,0.0
CTX201600009,041,PHOTO,1.0,0.0
CTX199600378,01,LINE_P,1.0,0.0
CTX201404706,232,PHOTO_L,1.0,0.0
CTX201600014,20,PHOTO_L,1.0,0.0
CTX201600343,04,PHOTO_L,1.0,0.0
CTX200005798,012,PHOTO_L,1.0,0.0
CTX199600362,26,PHOTO,1.0,0.0
CTX199807081,05,PHOTO,1.0,0.0
CTX199602159,03,TEXT_P,1.0,0.0
CTX200900379,04,TEXT_P,1.0,0.0
CTX199706435,13,PHOTO_L,1.0,0.0
CTX200900174,34,LINE_P,1.0,0.0
CTX199706434,06,PHOTO,1.0,0.0
CTX199504330,07,PHOTO,1.0,0.0
CTX199600362,28,PHOTO_L,1.0,0.0
CTX199706435,14,PHOTO_L,1.0,0.0
CTX201404706,108,PHOTO_L,1.0,0.0
CTX200903830,08,PHOTO,1.0,0.0
CTX201404706,086,PHOTO_L,1.0,0.0
CTX201001607,157,PHOTO,1.0,0.0
CTX199504932,14,PHOTO,1.0,0.0
CTX199904249,088,PHOTO,1.0,0.0
CTX199601926,029,PHOTO,1.0,0.0
CTX200900174,10,PHOTO,1.0,0.0
CTX200900016,15,PHOTO,1.0,0.0
CTX199600237,046,TEXT_P,1.0,0.0
CTX201001607,041,PHOTO,1.0,0.0
CTX198301990,1,TEXT,1.0,0.0
CTX197403594,09,TEXT_P,1.0,0.0
CTX194600411,1,TEXT,1.0,0.0
CTX193703189,1,DRAW_L,1.0,0.0
CTX200913769,054,TEXT,1.0,0.0
CTX195704627,1,DRAW_L,1.0,0.0
CTX200901685,74,TEXT,1.0,0.0
CTX195401079,1,DRAW_L,1.0,0.0
CTX194606194,1,TEXT_T,1.0,0.0
CTX195902174,09,DRAW_L,1.0,0.0
CTX194201336,078,DRAW_L,1.0,0.0
CTX200903467C,164,TEXT,1.0,0.0
CTX195701316,1,TEXT_P,1.0,0.0
CTX194103075,1,TEXT,1.0,0.0
CTX195701337,1,PHOTO_L,1.0,0.0
CTX200902131,39,TEXT_T,1.0,0.0
CTX195700933,1,LINE_T,1.0,0.0
CTX194004894,1,TEXT_P,1.0,0.0
CTX195703863,1,TEXT,1.0,0.0
CTX195401265,1,TEXT_P,1.0,0.0
CTX194601499,1,PHOTO_L,1.0,0.0
CTX193800632,1,DRAW_L,1.0,0.0
CTX194105021,1,TEXT_P,1.0,0.0
CTX194201336,255,TEXT,1.0,0.0
CTX194103076,1,DRAW_L,1.0,0.0
CTX195306022,1,TEXT_P,1.0,0.0
CTX195704633,1,DRAW_L,1.0,0.0
CTX194105503,1,PHOTO_L,1.0,0.0
CTX195700968,1,LINE_HW,1.0,0.0
CTX194103091,1,DRAW_L,1.0,0.0
CTX195701098,1,PHOTO_L,1.0,0.0
CTX195902178,6,DRAW_L,1.0,0.0
CTX195501907,1,TEXT_P,1.0,0.0
CTX193501285,1,DRAW_L,1.0,0.0
CTX194202336,1,TEXT,1.0,0.0
CTX194600424,1,DRAW_L,1.0,0.0
CTX194606426,1,TEXT_P,1.0,0.0
CTX195700965,1,TEXT_P,1.0,0.0
CTX194605837,1,DRAW_L,1.0,0.0
CTX194105420,1,TEXT_P,1.0,0.0
CTX193301732,1,DRAW_L,1.0,0.0
CTX197904089,1,TEXT,1.0,0.0
CTX195306018,1,PHOTO_L,1.0,0.0
CTX198301989,1,TEXT_P,1.0,0.0
CTX194002678,1,DRAW_L,1.0,0.0
CTX195306039,1,PHOTO_L,1.0,0.0
CTX194300097,42,DRAW_L,1.0,0.0
CTX195802389,1,TEXT_P,1.0,0.0
CTX194100687,1,PHOTO_L,1.0,0.0
CTX194300889,32,TEXT,1.0,0.0
CTX194003466,1,TEXT_P,1.0,0.0
CTX195902174,08,DRAW_L,1.0,0.0
CTX194601431,1,DRAW_L,1.0,0.0
CTX198102158,48,DRAW_L,1.0,0.0
CTX195701282,1,TEXT_P,1.0,0.0
CTX194601626,1,PHOTO_L,1.0,0.0
CTX200912507,090,TEXT_P,1.0,0.0
CTX194300888,11,TEXT,1.0,0.0
CTX195701138,1,DRAW_L,1.0,0.0
CTX195701157,1,LINE_T,1.0,0.0
CTX195902174,02,DRAW_L,1.0,0.0
CTX195703866,1,DRAW_L,1.0,0.0
CTX194004921,1,TEXT,1.0,0.0
CTX197307642,1,TEXT_P,1.0,0.0
CTX194600327,1,LINE_T,1.0,0.0
CTX195902175,2,DRAW_L,1.0,0.0
CTX194300888,23,TEXT,1.0,0.0
CTX193300238,1,DRAW_L,1.0,0.0
CTX194606443,1,TEXT_P,1.0,0.0
CTX194101611,1,DRAW_L,1.0,0.0
CTX195701114,1,DRAW_L,1.0,0.0
CTX200913769,051,TEXT,1.0,0.0
CTX195805563,1,LINE_T,1.0,0.0
CTX194601747,1,DRAW_L,1.0,0.0
CTX194004901,1,TEXT_P,1.0,0.0
CTX195700958,1,TEXT_P,1.0,0.0
CTX194102688,1,TEXT,1.0,0.0
CTX195306033,1,TEXT,1.0,0.0
CTX195703867,1,DRAW_L,1.0,0.0
CTX194600229,1,DRAW_L,1.0,0.0
CTX193300239,1,TEXT,1.0,0.0
CTX194600399,1,LINE_T,1.0,0.0
CTX194102944,1,TEXT,1.0,0.0
CTX195804536,1,DRAW_L,1.0,0.0
CTX194606040,1,TEXT_P,1.0,0.0
CTX195501884,1,TEXT_P,1.0,0.0
CTX197305455,1,PHOTO_L,1.0,0.0
CTX198302016,1,TEXT_P,1.0,0.0
CTX195401262,1,TEXT,1.0,0.0
CTX194201336,096,DRAW_L,1.0,0.0
CTX194103095,1,PHOTO_L,1.0,0.0
CTX195401390,1,DRAW_L,1.0,0.0
CTX194103125,1,DRAW_L,1.0,0.0
CTX194004915,1,TEXT,1.0,0.0
CTX200901866,056,TEXT,1.0,0.0
CTX194601749,1,TEXT_P,1.0,0.0
CTX195700902,1,TEXT_P,1.0,0.0
CTX195902178,3,DRAW_L,1.0,0.0
CTX195501914,1,TEXT_P,1.0,0.0
CTX194103082,1,TEXT,1.0,0.0
CTX197603673,1,DRAW_L,1.0,0.0
CTX194102972,1,DRAW_L,1.0,0.0
CTX195304352,1,DRAW_L,1.0,0.0
CTX198302001,1,TEXT,1.0,0.0
CTX194003607,1,LINE_T,1.0,0.0
CTX194300097,23,TEXT_P,1.0,0.0
CTX194002710,1,DRAW_L,1.0,0.0
CTX194002681,1,PHOTO_L,1.0,0.0
CTX195501902,1,TEXT_P,1.0,0.0
CTX193702477,038,PHOTO_L,1.0,0.0
CTX196103690,1,PHOTO_L,1.0,0.0
CTX195904201,1,TEXT_P,1.0,0.0
CTX199200205,3,PHOTO_L,1.0,0.0
CTX193401762,10,TEXT_P,1.0,0.0
CTX194104008,1,TEXT_T,1.0,0.0
CTX192700593,33,TEXT_P,1.0,0.0
CTX192500814,5,TEXT_T,1.0,0.0
CTX193201748,058,TEXT_P,1.0,0.0
CTX194604320F,34,TEXT_P,1.0,0.0
CTX194604274,20,TEXT_T,1.0,0.0
CTX194604274,15,TEXT_T,1.0,0.0
CTX194003929,3,TEXT_P,1.0,0.0
CTX194201516,10,TEXT_P,1.0,0.0
CTX194003813,2,LINE_HW,1.0,0.0
CTX194003779,2,TEXT_T,1.0,0.0
CTX193002106,1,PHOTO_L,1.0,0.0
CTX192400603,2,PHOTO_L,1.0,0.0
CTX193201748,064,TEXT_P,1.0,0.0
CTX197006632,32,TEXT_T,1.0,0.0
CTX193100996,1,LINE_HW,1.0,0.0
CTX194201516,08,TEXT_P,1.0,0.0
CTX193100073,1,PHOTO_L,1.0,0.0
CTX193102213,1,PHOTO_L,1.0,0.0
CTX196504138,1,TEXT_P,1.0,0.0
CTX193101720,1,TEXT_P,1.0,0.0
CTX194201516,06,TEXT_P,1.0,0.0
CTX197103121,1,TEXT_P,1.0,0.0
CTX197704153,1,PHOTO_L,1.0,0.0
CTX193702477,052,LINE_HW,1.0,0.0
CTX194604274,38,TEXT_T,1.0,0.0
CTX197605102,1,TEXT_T,1.0,0.0
CTX193200578,06,PHOTO_L,1.0,0.0
CTX193100997,1,PHOTO_L,1.0,0.0
CTX193401762,08,TEXT_P,1.0,0.0
CTX194105235,1,PHOTO_L,1.0,0.0
CTX192900621,45,TEXT_P,1.0,0.0
CTX194105393,1,PHOTO_L,1.0,0.0
CTX193501297,1,TEXT_T,1.0,0.0
CTX192500814,3,TEXT_T,1.0,0.0
CTX194104284,1,PHOTO_L,1.0,0.0
CTX194105290,1,PHOTO_L,1.0,0.0
CTX192601144,4,TEXT_T,1.0,0.0
CTX193002125,1,PHOTO_L,1.0,0.0
CTX194105743,1,PHOTO_L,1.0,0.0
CTX193702477,039,PHOTO_L,1.0,0.0
CTX197305272,1,TEXT_P,1.0,0.0
CTX193702477,085,PHOTO_L,1.0,0.0
CTX196304896,1,TEXT_P,1.0,0.0
CTX193002113,1,PHOTO_L,1.0,0.0
CTX196003464,2,LINE_T,1.0,0.0
CTX195906334,177,LINE_T,1.0,0.0
CTX193100391,09,LINE_T,1.0,0.0
CTX193001304,1,TEXT_P,1.0,0.0
CTX194003695,1,DRAW_L,1.0,0.0
CTX194104285,1,PHOTO_L,1.0,0.0
CTX196103011,1,PHOTO_L,1.0,0.0
CTX193801636,178,LINE_T,1.0,0.0
CTX194604320G,04,LINE_T,1.0,0.0
CTX193601669,2,TEXT_P,1.0,0.0
CTX195906334,193,LINE_T,1.0,0.0
CTX192602147,1,TEXT_P,1.0,0.0
CTX194201516,09,TEXT_P,1.0,0.0
CTX193201748,042,TEXT_P,1.0,0.0
CTX194200116,1,PHOTO_L,1.0,0.0
CTX199400609,2,TEXT_T,1.0,0.0
CTX195902663,155,DRAW,1.0,0.0
CTX194604274,33,TEXT_P,1.0,0.0
CTX194702650,2,LINE_HW,1.0,0.0
CTX193702477,062,LINE_HW,1.0,0.0
CTX194104781,1,TEXT_P,1.0,0.0
CTX195305049,1,LINE_T,1.0,0.0
CTX193201066,1,PHOTO_L,1.0,0.0
CTX199400440,2,PHOTO_L,1.0,0.0
CTX194801206,07,TEXT_P,1.0,0.0
CTX193401762,12,TEXT_P,1.0,0.0
CTX192700593,31,LINE_T,1.0,0.0
CTX193601898,5,TEXT_P,1.0,0.0
CTX193101313,1,PHOTO_L,1.0,0.0
CTX194706296,1,TEXT_T,1.0,0.0
CTX192601345,3,TEXT_P,1.0,0.0
CTX193201748,028,PHOTO_L,1.0,0.0
CTX196504896,1,TEXT_P,1.0,0.0
CTX194400834,2,PHOTO_L,1.0,0.0
CTX193302768,2,TEXT_P,1.0,0.0
CTX193601411,06,LINE_T,1.0,0.0
CTX193701944A,09,TEXT_P,1.0,0.0
CTX194707363,41,LINE_HW,1.0,0.0
CTX199402028,01,TEXT_T,1.0,0.0
CTX194003822,2,PHOTO_L,1.0,0.0
CTX193201748,004,PHOTO_L,1.0,0.0
CTX192700082,5,TEXT_T,1.0,0.0
CTX194706295,1,LINE_T,1.0,0.0
CTX195906334,175,LINE_T,1.0,0.0
CTX193601411,16,LINE_T,1.0,0.0
CTX194003927,1,TEXT_P,1.0,0.0
CTX199200459,8,PHOTO_L,1.0,0.0
CTX193102432,1,TEXT_P,1.0,0.0
CTX193800543,1,PHOTO_L,1.0,0.0
CTX193601898,4,TEXT_P,1.0,0.0
CTX196606065,1,PHOTO_L,1.0,0.0
CTX197704383,1,TEXT_P,1.0,0.0
CTX192700593,02,TEXT_P,1.0,0.0
CTX195404675,1,TEXT_P,1.0,0.0
CTX192900621,47,TEXT_P,1.0,0.0
CTX194202884,3,PHOTO_L,1.0,0.0
CTX193302398,03,TEXT,1.0,0.0
CTX192100040,12,TEXT_P,1.0,0.0
CTX193102805,1,TEXT_T,1.0,0.0
CTX197000357,006,TEXT_P,1.0,0.0
CTX199805567,455,PHOTO,1.0,0.0
CTX197102691,04,PHOTO_L,1.0,0.0
CTX197006636,17,TEXT_T,1.0,0.0
CTX198104469,09,LINE_HW,1.0,0.0
CTX195902663,015,PHOTO,1.0,0.0
CTX196103210,4,TEXT_P,1.0,0.0
CTX194400740,2,PHOTO_L,1.0,0.0
CTX196004715,3,LINE_T,1.0,0.0
CTX199707117,02,PHOTO_L,1.0,0.0
CTX197105661,25,TEXT_P,1.0,0.0
CTX196005796,04,LINE_T,1.0,0.0
CTX198901592,110,LINE_HW,1.0,0.0
CTX194401531,08,PHOTO_L,1.0,0.0
CTX199706647,03,TEXT_P,1.0,0.0
CTX196202231,7,PHOTO_L,1.0,0.0
CTX198901592,460,PHOTO_L,1.0,0.0
CTX196202158,10,LINE_HW,1.0,0.0
CTX199805567,363,LINE_P,1.0,0.0
CTX197105949,036,LINE_T,1.0,0.0
CTX198901592,062,LINE_HW,1.0,0.0
CTX197101430,19,LINE_HW,1.0,0.0
CTX198901592,197,LINE_HW,1.0,0.0
CTX199805567,289,LINE_P,1.0,0.0
CTX198004861,26,PHOTO_L,1.0,0.0
CTX194104725,06,TEXT_T,1.0,0.0
CTX197105391,011,PHOTO_L,1.0,0.0
CTX197104600,34,LINE_HW,1.0,0.0
CTX199805567,403,PHOTO,1.0,0.0
CTX199602513,04,LINE_T,1.0,0.0
CTX198901592,025,LINE_HW,1.0,0.0
CTX197006639,25,PHOTO_L,1.0,0.0
CTX193100974,4,TEXT_P,1.0,0.0
CTX198901592,106,LINE_HW,1.0,0.0
CTX197105391,023,LINE_T,1.0,0.0
CTX197104600,08,LINE_HW,1.0,0.0
CTX199805567,492,LINE_HW,1.0,0.0
CTX194203019,60,TEXT_P,1.0,0.0
CTX198901592,086,LINE_HW,1.0,0.0
CTX199805567,495,LINE_HW,1.0,0.0
CTX193100253,07,LINE_HW,1.0,0.0
CTX197006330,20,TEXT_P,1.0,0.0
CTX197103468,04,TEXT_P,1.0,0.0
CTX198901592,156,LINE_HW,1.0,0.0
CTX198901592,180,LINE_HW,1.0,0.0
CTX196005565,06,LINE_HW,1.0,0.0
CTX197104600,23,PHOTO_L,1.0,0.0
CTX194203019B,59,LINE_HW,1.0,0.0
CTX196005518,015,LINE_T,1.0,0.0
CTX194105459,02,TEXT_P,1.0,0.0
CTX194203019,37,TEXT_P,1.0,0.0
CTX192100040,06,TEXT_P,1.0,0.0
CTX194203019B,10,LINE_HW,1.0,0.0
CTX199805567,208,PHOTO,1.0,0.0
CTX199805567,357,LINE_HW,1.0,0.0
CTX199805567,386,PHOTO,1.0,0.0
CTX196006032,09,LINE_HW,1.0,0.0
CTX195902663,193,PHOTO_L,1.0,0.0
CTX199805567,201,LINE_HW,1.0,0.0
CTX199805567,454,LINE_P,1.0,0.0
CTX198004861,04,PHOTO_L,1.0,0.0
CTX194401531,07,PHOTO_L,1.0,0.0
CTX193100253,17,TEXT_P,1.0,0.0
CTX196005565,59,PHOTO_L,1.0,0.0
CTX199805567,210,PHOTO,1.0,0.0
CTX199805567,399,LINE_HW,1.0,0.0
CTX198004861,12,PHOTO_L,1.0,0.0
CTX195902663,005,PHOTO,1.0,0.0
CTX198104469,10,PHOTO_L,1.0,0.0
CTX199805567,514,PHOTO,1.0,0.0
CTX199805567,513,LINE_P,1.0,0.0
CTX193801636,148,TEXT_P,1.0,0.0
CTX193100253,08,LINE_HW,1.0,0.0
CTX199805567,390,LINE_P,1.0,0.0
CTX193100253,41,LINE_HW,1.0,0.0
CTX197107037,10,TEXT_P,1.0,0.0
CTX197101430,16,LINE_HW,1.0,0.0
CTX196202158,07,LINE_HW,1.0,0.0
CTX198004861,29,PHOTO_L,1.0,0.0
CTX195902663,166,PHOTO_L,1.0,0.0
CTX198101648,03,TEXT_P,1.0,0.0
CTX198901592,191,LINE_HW,1.0,0.0
CTX194203019,53,TEXT_P,1.0,0.0
CTX196005565,10,PHOTO_L,1.0,0.0
CTX199805567,222,PHOTO,1.0,0.0
CTX196000059,05,LINE_T,1.0,0.0
CTX194203019,28,TEXT_P,1.0,0.0
CTX199805567,213,PHOTO,1.0,0.0
CTX195902663,188,LINE_P,1.0,0.0
CTX197101040,05,PHOTO_L,1.0,0.0
CTX193100253,05,TEXT_P,1.0,0.0
CTX197101430,20,LINE_HW,1.0,0.0
CTX199805567,345,LINE_HW,1.0,0.0
CTX198901592,020,LINE_HW,1.0,0.0
CTX199600237,033,PHOTO_L,1.0,0.0
CTX196001205,08,TEXT_P,1.0,0.0
CTX193100253,45,LINE_T,1.0,0.0
CTX199603564,003,TEXT_P,1.0,0.0
CTX194203019,88,TEXT_P,1.0,0.0
CTX198901592,195,LINE_HW,1.0,0.0
CTX194102101,008,TEXT_P,1.0,0.0
CTX194203019A,19,TEXT_P,1.0,0.0
CTX196002468,15,PHOTO_L,1.0,0.0
CTX198901592,155,LINE_HW,1.0,0.0
CTX198901592,184,LINE_HW,1.0,0.0
CTX197106426,3,TEXT_P,1.0,0.0
CTX194105459,06,TEXT_P,1.0,0.0
CTX199603564,020,PHOTO_L,1.0,0.0
CTX199805567,459,PHOTO,1.0,0.0
CTX193005167,2,TEXT_P,1.0,0.0
CTX199706647,48,PHOTO_L,1.0,0.0
CTX194301332,20,LINE_T,1.0,0.0
CTX196001205,10,LINE_T,1.0,0.0
CTX194400257,6,TEXT_P,1.0,0.0
CTX198901592,193,LINE_HW,1.0,0.0
CTX199805567,227,PHOTO,1.0,0.0
CTX195906334,014,TEXT_P,1.0,0.0
CTX199601012,01,LINE_T,1.0,0.0
CTX199805567,409,LINE_HW,1.0,0.0
CTX199600237,075,PHOTO_L,1.0,0.0
CTX193100253,31,LINE_HW,1.0,0.0
CTX195906334,013,PHOTO_L,1.0,0.0
CTX194203019,58,TEXT_P,1.0,0.0
CTX196106136,3,TEXT_P,1.0,0.0
CTX193701944A,05,PHOTO_L,1.0,0.0
CTX196201572,09,TEXT_P,1.0,0.0
CTX198901592,068,LINE_HW,1.0,0.0
CTX198901592,021,LINE_HW,1.0,0.0
CTX199805567,449,LINE_P,1.0,0.0
CTX197002153,04,TEXT_P,1.0,0.0
CTX197005669,04,LINE_T,1.0,0.0
CTX198901592,085,LINE_HW,1.0,0.0
CTX199805567,331,LINE_HW,1.0,0.0
CTX198901592,054,LINE_HW,1.0,0.0
CTX197101430,53,TEXT_P,1.0,0.0
CTX198901592,028,LINE_HW,1.0,0.0
CTX199805567,451,LINE_P,1.0,0.0
CTX196103056,29,LINE_HW,1.0,0.0
CTX196002929,04,LINE_HW,1.0,0.0
CTX194203019,72,TEXT_P,1.0,0.0
CTX198901592,458,LINE_T,1.0,0.0
CTX193101068,05,TEXT_P,1.0,0.0
CTX197804000,5,TEXT,1.0,0.0
CTX199600358,078,PHOTO_L,1.0,0.0
CTX194102101,011,TEXT_P,1.0,0.0
CTX199706519,17,TEXT_T,1.0,0.0
CTX196003581,08,LINE_T,1.0,0.0
CTX199805567,236,PHOTO,1.0,0.0
CTX194300888,07,PHOTO_L,1.0,0.0
CTX199200937,1,PHOTO_L,1.0,0.0
CTX196404937,1,PHOTO_L,1.0,0.0
CTX199404158,1,PHOTO_L,1.0,0.0
CTX195906334,132,PHOTO_L,1.0,0.0
CTX199707123,1,PHOTO_L,1.0,0.0
CTX199805567,257,PHOTO,1.0,0.0
CTX199501576,1,PHOTO_L,1.0,0.0
CTX196001290,017,TEXT_P,1.0,0.0
CTX197005669,68,PHOTO_L,1.0,0.0
CTX198901592,333,LINE_HW,1.0,0.0
CTX194600684,1,PHOTO_L,1.0,0.0
CTX199805567,262,PHOTO,1.0,0.0
CTX197005669,26,PHOTO_L,1.0,0.0
CTX199204243,01,PHOTO_L,1.0,0.0
CTX198102158,10,PHOTO_L,1.0,0.0
CTX196001290,041,DRAW,1.0,0.0
CTX194201336,146,PHOTO_L,1.0,0.0
CTX199200936,1,PHOTO_L,1.0,0.0
CTX199303745,1,PHOTO_L,1.0,0.0
CTX199404536,1,PHOTO_L,1.0,0.0
CTX196001290,097,LINE_T,1.0,0.0
CTX194201336,141,PHOTO_L,1.0,0.0
CTX194201336,017,PHOTO_L,1.0,0.0
CTX199104409,01,PHOTO,1.0,0.0
CTX194300889,44,LINE_HW,1.0,0.0
CTX198901592,032,LINE_HW,1.0,0.0
CTX196005111,1,PHOTO,1.0,0.0
CTX199201347,1,TEXT_P,1.0,0.0
CTX199706647,10,PHOTO_L,1.0,0.0
CTX194201336,010,PHOTO_L,1.0,0.0
CTX199400067B,01,DRAW,1.0,0.0
CTX197408817,096,DRAW,1.0,0.0
CTX197402830,242,TEXT_P,1.0,0.0
CTX199706725,003,PHOTO_L,1.0,0.0
CTX194503036,23,PHOTO_L,1.0,0.0
CTX199104289,051,PHOTO_L,1.0,0.0
CTX198503185,1,PHOTO_L,1.0,0.0
CTX199405392,075,PHOTO_L,1.0,0.0
CTX196102143,1,PHOTO_L,1.0,0.0
CTX197507926,1,PHOTO_L,1.0,0.0
CTX194805403,1,PHOTO_L,1.0,0.0
CTX194201336,248,PHOTO_L,1.0,0.0
CTX199805567,263,PHOTO,1.0,0.0
CTX196405060,1,LINE_T,1.0,0.0
CTX197005669,27,PHOTO_L,1.0,0.0
CTX196405441,1,TEXT_P,1.0,0.0
CTX197507933,1,PHOTO_L,1.0,0.0
CTX197005669,20,PHOTO_L,1.0,0.0
CTX198104469,31,TEXT_P,1.0,0.0
CTX198901592,199,PHOTO_L,1.0,0.0
CTX196306858,182,TEXT_P,1.0,0.0
CTX199500134,1,PHOTO_L,1.0,0.0
CTX197402830,229,TEXT_P,1.0,0.0
CTX195906334,141,TEXT_P,1.0,0.0
CTX194201336,201,PHOTO_L,1.0,0.0
CTX198100806,15,PHOTO_L,1.0,0.0
CTX199503320,03,PHOTO_L,1.0,0.0
CTX197507904,1,TEXT_P,1.0,0.0
CTX197408817,059,DRAW,1.0,0.0
CTX198102158,24,LINE_HW,1.0,0.0
CTX194300888,17,PHOTO_L,1.0,0.0
CTX196203017,15,PHOTO_L,1.0,0.0
CTX195906334,125,LINE_T,1.0,0.0
CTX199805567,247,PHOTO,1.0,0.0
CTX194201336,023,PHOTO_L,1.0,0.0
CTX197105465,41,PHOTO_L,1.0,0.0
CTX196501419,1,PHOTO_L,1.0,0.0
CTX197106489B,53,LINE_T,1.0,0.0
CTX194201336,135,PHOTO_L,1.0,0.0
CTX197408817,073,DRAW,1.0,0.0
CTX199700419,1,PHOTO_L,1.0,0.0
CTX199703684,76,PHOTO_L,1.0,0.0
CTX196001290,096,TEXT_P,1.0,0.0
CTX194503005,16,PHOTO_L,1.0,0.0
CTX199300099,05,TEXT_P,1.0,0.0
CTX195001899,1,PHOTO_L,1.0,0.0
CTX195100667,115,TEXT_P,1.0,0.0
CTX196005391,1,PHOTO_L,1.0,0.0
CTX198004861,22,PHOTO_L,1.0,0.0
CTX193102237,7,TEXT_T,1.0,0.0
CTX197005669,43,PHOTO_L,1.0,0.0
CTX198901592,360,LINE_HW,1.0,0.0
CTX194300888,13,PHOTO_L,1.0,0.0
CTX197408817,037,DRAW,1.0,0.0
CTX194201336,266,TEXT_T,1.0,0.0
CTX196405497,1,PHOTO_L,1.0,0.0
CTX198604398,1,PHOTO_L,1.0,0.0
CTX199300097,02,TEXT_P,1.0,0.0
CTX198102158,43,PHOTO_L,1.0,0.0
CTX199805567,271,PHOTO,1.0,0.0
CTX194201336,131,PHOTO_L,1.0,0.0
CTX195100667,047,DRAW,1.0,0.0
CTX194201336,136,PHOTO_L,1.0,0.0
CTX198901592,037,LINE_HW,1.0,0.0
CTX194301332,08,PHOTO_L,1.0,0.0
CTX197507940,1,PHOTO_L,1.0,0.0
CTX194201336,144,PHOTO_L,1.0,0.0
CTX198901592,329,LINE_HW,1.0,0.0
CTX197005669,56,LINE_T,1.0,0.0
CTX194201336,152,PHOTO_L,1.0,0.0
CTX198004861,37,PHOTO_L,1.0,0.0
CTX198901592,338,LINE_HW,1.0,0.0
CTX196405240,1,PHOTO_L,1.0,0.0
CTX194300889,22,PHOTO_L,1.0,0.0
CTX199104203,1,TEXT_P,1.0,0.0
CTX198102158,12,PHOTO_L,1.0,0.0
CTX196302953,1,TEXT_P,1.0,0.0
CTX199303741,1,LINE_T,1.0,0.0
CTX193102407,3,TEXT_P,1.0,0.0
CTX194201336,004,PHOTO_L,1.0,0.0
CTX195902663,151,PHOTO,1.0,0.0
CTX199405386,01,PHOTO_L,1.0,0.0
CTX193202278,10,TEXT_P,1.0,0.0
CTX194201336,031,PHOTO_L,1.0,0.0
CTX197901435,1,PHOTO_L,1.0,0.0
CTX194201336,205,TEXT_P,1.0,0.0
CTX196001290,015,DRAW,1.0,0.0
CTX196001290,069,DRAW,1.0,0.0
CTX197104847C,13,TEXT_P,1.0,0.0
CTX194203019B,44,TEXT_P,1.0,0.0
CTX198102158,27,PHOTO_L,1.0,0.0
CTX196204134,1,PHOTO_L,1.0,0.0
CTX195906334,130,PHOTO_L,1.0,0.0
CTX194300888,02,PHOTO_L,1.0,0.0
CTX194201336,284,TEXT_P,1.0,0.0
CTX195102090,1,TEXT_P,1.0,0.0
CTX194201336,066,LINE_HW,1.0,0.0
CTX194300888,20,PHOTO_L,1.0,0.0
CTX193202278,09,TEXT,1.0,0.0
CTX196204091,1,PHOTO_L,1.0,0.0
CTX197005669,33,PHOTO_L,1.0,0.0
CTX194707889,22,TEXT,1.0,0.0
CTX197106856,08,PHOTO_L,1.0,0.0
CTX196103056,01,TEXT_P,1.0,0.0
CTX196102396,02,TEXT_P,1.0,0.0
CTX196101612,1,PHOTO_L,1.0,0.0
CTX194203019B,21,TEXT_P,1.0,0.0
CTX194203019B,26,TEXT_T,1.0,0.0
CTX199401929,62,PHOTO_L,1.0,0.0
CTX199200009,1,PHOTO_L,1.0,0.0
CTX194800446,13,TEXT_P,1.0,0.0
CTX199805567,242,PHOTO,1.0,0.0
CTX199405392,004,PHOTO_L,1.0,0.0
CTX199600653,1,PHOTO_L,1.0,0.0
CTX194203019B,42,TEXT_P,1.0,0.0
CTX197408817,104,DRAW,1.0,0.0
CTX199201242,1,PHOTO_L,1.0,0.0
CTX197005669,65,PHOTO_L,1.0,0.0
CTX199204240,06,PHOTO_L,1.0,0.0
CTX194201336,276,TEXT_P,1.0,0.0
CTX198102158,26,TEXT_P,1.0,0.0
CTX194201336,204,PHOTO_L,1.0,0.0
CTX197402830,250,TEXT_P,1.0,0.0
CTX199805567,253,PHOTO,1.0,0.0
CTX199303743,1,PHOTO_L,1.0,0.0
CTX199600665,1,PHOTO_L,1.0,0.0
CTX195000325,1,PHOTO,1.0,0.0
CTX199400768,1,PHOTO_L,1.0,0.0
CTX194300097,54,PHOTO_L,1.0,0.0
CTX198100335,1,TEXT_P,1.0,0.0
CTX199601540,32,TEXT_P,1.0,0.0
CTX194300889,24,PHOTO_L,1.0,0.0
CTX198007135,1,PHOTO_L,1.0,0.0
CTX196001290,054,DRAW,1.0,0.0
CTX196405431,1,PHOTO_L,1.0,0.0
CTX198901592,339,LINE_HW,1.0,0.0
